이름,Method,URL,Version,개발완료여부,도메인
카카오 로그인,POST,/api/v1/auth/kakao,1,No,AUTH
로그아웃,POST,/api/v1/auth/logout,1,No,AUTH
토큰 재발급,POST,/api/v1/auth/refresh,1,No,AUTH
회원가입,POST,/api/v1/auth/signup,1,No,AUTH
사용자 게시글 목록 조회,GET,/api/v1/users/{userId}/listings,1,No,USERS
판매자 프로필 조회,GET,/api/v1/users/{userId}/profile,1,No,USERS
사용자 후기 목록 조회,GET,/api/v1/users/{userId}/reviews,1,No,USERS
회원 탈퇴,DELETE,/api/v1/users/me,1,No,USERS
내 정보 수정,PATCH,/api/v1/users/me,1,No,USERS
내 정보 조회,GET,/api/v1/users/me,1,No,USERS
카테고리 목록 조회,GET,/api/v1/categories,1,No,CATEGORIES
게시글 등록,POST,/api/v1/listings,1,No,LISTINGS
게시글 목록 조회,GET,/api/v1/listings,1,No,LISTINGS
게시글 삭제,DELETE,/api/v1/listings/{listingId},1,No,LISTINGS
게시글 수정,PATCH,/api/v1/listings/{listingId},1,No,LISTINGS
게시글 상세 조회,GET,/api/v1/listings/{listingId},1,No,LISTINGS
이미지 삭제,DELETE,/api/v1/images/{imageId},1,No,IMAGES
이미지 업로드 완료,POST,/api/v1/images/{imageId}/complete,1,No,IMAGES
이미지 업로드 URL 발급,POST,/api/v1/images/upload-url,1,No,IMAGES
관심 상품 해제,DELETE,/api/v1/listings/{listingId}/wish,1,No,WISHES
관심 상품 등록,POST,/api/v1/listings/{listingId}/wish,1,No,WISHES
관심 상품 목록 조회,GET,/api/v1/wishes,1,No,WISHES
거래 목록 조회,GET,/api/v1/trades,1,No,TRADES
거래 요청,POST,/api/v1/trades,1,No,TRADES
거래 상세 조회,GET,/api/v1/trades/{tradeId},1,No,TRADES
거래 승인,POST,/api/v1/trades/{tradeId}/accept,1,No,TRADES
거래 취소,POST,/api/v1/trades/{tradeId}/cancel,1,No,TRADES
거래 완료,POST,/api/v1/trades/{tradeId}/complete,1,No,TRADES
거래 거절,POST,/api/v1/trades/{tradeId}/reject,1,No,TRADES
받은 후기 목록 조회,GET,/api/v1/me/reviews,1,No,ME
내 판매 게시글 목록 조회,GET,/api/v1/me/selling/listings,1,No,ME
채팅방 목록 조회,GET,/api/v1/chat-rooms,1,No,CHAT
채팅방 생성/조회,POST,/api/v1/chat-rooms,1,No,CHAT
메시지 전송,POST,/api/v1/chat-rooms/{chatRoomId}/messages,1,No,CHAT
메시지 목록 조회,GET,/api/v1/chat-rooms/{chatRoomId}/messages,1,No,CHAT
메시지 삭제,DELETE,/api/v1/chat-rooms/{chatRoomId}/messages/{messageId},1,No,CHAT
메시지 읽음 처리,POST,/api/v1/chat-rooms/{chatRoomId}/read,1,No,CHAT
후기 작성,POST,/api/v1/reviews,1,No,REVIEWS
사용자 차단,POST,/api/v1/blocks,1,No,REPORTS
차단 목록 조회,GET,/api/v1/blocks,1,No,REPORTS
사용자 차단 해제,DELETE,/api/v1/blocks/{userId},1,No,REPORTS
신고 접수,POST,/api/v1/reports,1,No,REPORTS
내 신고 목록 조회,GET,/api/v1/reports/me,1,No,REPORTS
알림 목록 조회,GET,/api/v1/notifications,1,No,NOTIFICATIONS
알림 읽음 처리,POST,/api/v1/notifications/{notificationId}/read,1,No,NOTIFICATIONS
전체 알림 읽음 처리,POST,/api/v1/notifications/read-all,1,No,NOTIFICATIONS
알림 설정 수정,PATCH,/api/v1/notifications/settings,1,No,NOTIFICATIONS
알림 설정 조회,GET,/api/v1/notifications/settings,1,No,NOTIFICATIONS
미읽음 알림 수 조회,GET,/api/v1/notifications/unread-count,1,No,NOTIFICATIONS
챗봇 메시지 전송,POST,/api/v1/chatbot/messages,1,No,CHATBOT
추천 질문 목록 조회,GET,/api/v1/chatbot/suggested-questions,1,No,CHATBOT
감사 로그 조회,GET,/api/v1/admin/audit-logs,1,No,ADMIN
관리자 대시보드 조회,GET,/api/v1/admin/dashboard,1,No,ADMIN
관리자 게시글 목록 조회,GET,/api/v1/admin/listings,1,No,ADMIN
관리자 게시글 삭제,DELETE,/api/v1/admin/listings/{listingId},1,No,ADMIN
게시글 숨김/복구,PATCH,/api/v1/admin/listings/{listingId}/status,1,No,ADMIN
공지사항 등록,POST,/api/v1/admin/notices,1,No,ADMIN
공지사항 삭제,DELETE,/api/v1/admin/notices/{noticeId},1,No,ADMIN
공지사항 수정,PATCH,/api/v1/admin/notices/{noticeId},1,No,ADMIN
신고 목록 조회,GET,/api/v1/admin/reports,1,No,ADMIN
신고 처리,PATCH,/api/v1/admin/reports/{reportId},1,No,ADMIN
관리자 거래 목록 조회,GET,/api/v1/admin/trades,1,No,ADMIN
회원 목록 조회,GET,/api/v1/admin/users,1,No,ADMIN
회원 역할 변경,PATCH,/api/v1/admin/users/{userId}/role,1,No,ADMIN
회원 상태 변경,PATCH,/api/v1/admin/users/{userId}/status,1,No,ADMIN
공지사항 목록 조회,GET,/api/v1/notices,1,No,NOTICES
공지사항 상세 조회,GET,/api/v1/notices/{noticeId},1,No,NOTICES