이름,도메인,Method,URL,Version,개발완료여부
카카오 로그인,AUTH,POST,/api/v1/auth/kakao,1,No
로그아웃,AUTH,POST,/api/v1/auth/logout,1,No
토큰 재발급,AUTH,POST,/api/v1/auth/refresh,1,No
회원가입,AUTH,POST,/api/v1/auth/signup,1,No
사용자 게시글 목록 조회,USERS,GET,/api/v1/users/{userId}/listings,1,No
판매자 프로필 조회,USERS,GET,/api/v1/users/{userId}/profile,1,No
사용자 후기 목록 조회,USERS,GET,/api/v1/users/{userId}/reviews,1,No
회원 탈퇴,USERS,DELETE,/api/v1/users/me,1,No
내 정보 수정,USERS,PATCH,/api/v1/users/me,1,No
내 정보 조회,USERS,GET,/api/v1/users/me,1,No
카테고리 목록 조회,CATEGORIES,GET,/api/v1/categories,1,No
게시글 등록,LISTINGS,POST,/api/v1/listings,1,No
게시글 목록 조회,LISTINGS,GET,/api/v1/listings,1,No
게시글 삭제,LISTINGS,DELETE,/api/v1/listings/{listingId},1,No
게시글 수정,LISTINGS,PATCH,/api/v1/listings/{listingId},1,No
게시글 상세 조회,LISTINGS,GET,/api/v1/listings/{listingId},1,No
이미지 삭제,IMAGES,DELETE,/api/v1/images/{imageId},1,No
이미지 업로드 완료,IMAGES,POST,/api/v1/images/{imageId}/complete,1,No
이미지 업로드 URL 발급,IMAGES,POST,/api/v1/images/upload-url,1,No
관심 상품 해제,WISHES,DELETE,/api/v1/listings/{listingId}/wish,1,No
관심 상품 등록,WISHES,POST,/api/v1/listings/{listingId}/wish,1,No
관심 상품 목록 조회,WISHES,GET,/api/v1/wishes,1,No
거래 목록 조회,TRADES,GET,/api/v1/trades,1,No
거래 요청,TRADES,POST,/api/v1/trades,1,No
거래 상세 조회,TRADES,GET,/api/v1/trades/{tradeId},1,No
거래 승인,TRADES,POST,/api/v1/trades/{tradeId}/accept,1,No
거래 취소,TRADES,POST,/api/v1/trades/{tradeId}/cancel,1,No
거래 완료,TRADES,POST,/api/v1/trades/{tradeId}/complete,1,No
거래 거절,TRADES,POST,/api/v1/trades/{tradeId}/reject,1,No
받은 후기 목록 조회,ME,GET,/api/v1/me/reviews,1,No
내 판매 게시글 목록 조회,ME,GET,/api/v1/me/selling/listings,1,No
채팅방 목록 조회,CHAT,GET,/api/v1/chat-rooms,1,No
채팅방 생성/조회,CHAT,POST,/api/v1/chat-rooms,1,No
메시지 전송,CHAT,POST,/api/v1/chat-rooms/{chatRoomId}/messages,1,No
메시지 목록 조회,CHAT,GET,/api/v1/chat-rooms/{chatRoomId}/messages,1,No
메시지 삭제,CHAT,DELETE,/api/v1/chat-rooms/{chatRoomId}/messages/{messageId},1,No
메시지 읽음 처리,CHAT,POST,/api/v1/chat-rooms/{chatRoomId}/read,1,No
커뮤니티 게시글 목록 조회,COMMUNITY,GET,/api/v1/community/posts,1,No
커뮤니티 게시글 상세 조회,COMMUNITY,GET,/api/v1/community/posts/{postId},1,No
커뮤니티 게시글 등록,COMMUNITY,POST,/api/v1/community/posts,1,No
커뮤니티 게시글 수정,COMMUNITY,PATCH,/api/v1/community/posts/{postId},1,No
커뮤니티 게시글 삭제,COMMUNITY,DELETE,/api/v1/community/posts/{postId},1,No
커뮤니티 댓글 목록 조회,COMMUNITY,GET,/api/v1/community/posts/{postId}/comments,1,No
커뮤니티 댓글 등록,COMMUNITY,POST,/api/v1/community/posts/{postId}/comments,1,No
커뮤니티 댓글 삭제,COMMUNITY,DELETE,/api/v1/community/posts/{postId}/comments/{commentId},1,No
후기 작성,REVIEWS,POST,/api/v1/reviews,1,No
사용자 차단,REPORTS,POST,/api/v1/blocks,1,No
차단 목록 조회,REPORTS,GET,/api/v1/blocks,1,No
사용자 차단 해제,REPORTS,DELETE,/api/v1/blocks/{userId},1,No
신고 접수,REPORTS,POST,/api/v1/reports,1,No
내 신고 목록 조회,REPORTS,GET,/api/v1/reports/me,1,No
알림 목록 조회,NOTIFICATIONS,GET,/api/v1/notifications,1,No
알림 읽음 처리,NOTIFICATIONS,POST,/api/v1/notifications/{notificationId}/read,1,No
전체 알림 읽음 처리,NOTIFICATIONS,POST,/api/v1/notifications/read-all,1,No
알림 설정 수정,NOTIFICATIONS,PATCH,/api/v1/notifications/settings,1,No
알림 설정 조회,NOTIFICATIONS,GET,/api/v1/notifications/settings,1,No
미읽음 알림 수 조회,NOTIFICATIONS,GET,/api/v1/notifications/unread-count,1,No
챗봇 메시지 전송,CHATBOT,POST,/api/v1/chatbot/messages,1,No
추천 질문 목록 조회,CHATBOT,GET,/api/v1/chatbot/suggested-questions,1,No
감사 로그 조회,ADMIN,GET,/api/v1/admin/audit-logs,1,No
관리자 대시보드 조회,ADMIN,GET,/api/v1/admin/dashboard,1,No
관리자 게시글 목록 조회,ADMIN,GET,/api/v1/admin/listings,1,No
관리자 게시글 삭제,ADMIN,DELETE,/api/v1/admin/listings/{listingId},1,No
게시글 숨김/복구,ADMIN,PATCH,/api/v1/admin/listings/{listingId}/status,1,No
공지사항 등록,ADMIN,POST,/api/v1/admin/notices,1,No
공지사항 삭제,ADMIN,DELETE,/api/v1/admin/notices/{noticeId},1,No
공지사항 수정,ADMIN,PATCH,/api/v1/admin/notices/{noticeId},1,No
신고 목록 조회,ADMIN,GET,/api/v1/admin/reports,1,No
신고 처리,ADMIN,PATCH,/api/v1/admin/reports/{reportId},1,No
관리자 거래 목록 조회,ADMIN,GET,/api/v1/admin/trades,1,No
회원 목록 조회,ADMIN,GET,/api/v1/admin/users,1,No
회원 역할 변경,ADMIN,PATCH,/api/v1/admin/users/{userId}/role,1,No
회원 상태 변경,ADMIN,PATCH,/api/v1/admin/users/{userId}/status,1,No
공지사항 목록 조회,NOTICES,GET,/api/v1/notices,1,No
공지사항 상세 조회,NOTICES,GET,/api/v1/notices/{noticeId},1,No
